{
  "baseline": {
    "sst2": 0.4931,
    "wic": 0.5,
    "piqa": 0.5413,
    "arc_easy": 0.2605,
    "social_iqa": 0.3414,
    "mnli": 0.3545,
    "hellaswag": 0.26,
    "anli_r1": 0.334,
    "average": 0.3856
  },
  "polytransformer": {
    "sst2": 0.4908,
    "wic": 0.5,
    "piqa": 0.5114,
    "arc_easy": 0.2618,
    "social_iqa": 0.3362,
    "mnli": 0.3545,
    "hellaswag": 0.2608,
    "anli_r1": 0.334,
    "average": 0.3811875
  },
  "encryptedllm": {
    "sst2": 0.5126,
    "wic": 0.5,
    "piqa": 0.5343,
    "arc_easy": 0.2723,
    "social_iqa": 0.348,
    "mnli": 0.3515,
    "hellaswag": 0.2584,
    "anli_r1": 0.335,
    "average": 0.3890125
  },
  "freqgpt": {
    "sst2": 0.508,
    "wic": 0.5,
    "piqa": 0.5163,
    "arc_easy": 0.2601,
    "social_iqa": 0.3444,
    "mnli": 0.3545,
    "hellaswag": 0.2585,
    "anli_r1": 0.334,
    "average": 0.384475
  }
}