{
  "variant": "small",
  "weights": "/root/FHE/EncryptedLLM/EncryptedLLM-repro-kit/python/freqgpt_ablation_formal_full_kd_small.pth",
  "tasks": {
    "sst2": 0.4908256880733945,
    "wic": 0.5,
    "piqa": 0.5321001088139282,
    "arc_easy": 0.25715488215488214,
    "social_iqa": 0.34032753326509724,
    "mnli": 0.3544574630667346,
    "hellaswag": 0.2557259510057757,
    "anli_r1": 0.334
  },
  "average": 0.38307395329747657
}